Nom;Position;Durée;Genre;Latéralité;Set;Système;Coup;Type de service;Type Coup TK;Zone de jeu;Type service
SET (1);0:00:00.000;0:00:00.000;Garçons;Droitier/gaucher;1;Att/att;;;;;
FLORE Tristan (1);0:00:00.000;0:00:00.000;Garçons;Coup droit;SET;Att/att;FLORE Tristan;Latéral droit;;;
BOLL Timo (1);0:00:00.266;0:00:00.417;Garçons;Revers;SET;Att/att;BOLL Timo;;Controle / Résistance;M2;
FLORE Tristan (2);0:00:00.684;0:00:00.350;Garçons;Revers;SET;Att/att;FLORE Tristan;;Attaque / Offensif;M3;
BOLL Timo (2);0:00:01.034;0:00:00.333;Garçons;Revers;SET;Att/att;BOLL Timo;;Controle / Résistance;M3;
FLORE Tristan (3);0:00:01.368;0:00:00.417;Garçons;Revers;SET;Att/att;FLORE Tristan;;Attaque / Offensif;M3;
BOLL Timo (3);0:00:01.785;0:00:00.350;Garçons;Coup droit;SET;Att/att;BOLL Timo;;Attaque / Offensif;G3;
FLORE Tristan (4);0:00:02.135;0:00:00.450;Garçons;Revers;SET;Att/att;Serveur Point -;;Controle / Résistance;G3;
FLORE Tristan (5);0:00:05.872;0:00:00.000;Garçons;Coup droit;SET;Att/att;FLORE Tristan;Latéral droit;;;
BOLL Timo (4);0:00:08.375;0:00:00.667;Garçons;Coup droit;SET;Att/att;BOLL Timo;;Poussette;M2;
FLORE Tristan (6);0:00:09.042;0:00:00.500;Garçons;Coup droit;SET;Att/att;FLORE Tristan;;Controle / Résistance;D3;
BOLL Timo (5);0:00:09.542;0:00:00.617;Garçons;Coup droit;SET;Att/att;BOLL Timo;;Controle / Résistance;M3;
FLORE Tristan (7);0:00:10.160;0:00:00.667;Garçons;Revers;SET;Att/att;Serveur Point -;;Attaque / Offensif;G3;
BOLL Timo (6);0:00:14.497;0:00:00.917;Garçons;Coup droit;;Att/att;BOLL Timo;Latéral gauche;;;
FLORE Tristan (8);0:00:15.815;0:00:00.950;Garçons;Revers;;Att/att;FLORE Tristan;;Poussette;G21;
BOLL Timo (7);0:00:16.766;0:00:00.250;Garçons;Coup droit;;Att/att;BOLL Timo;;Attaque / Offensif;M2;
FLORE Tristan (9);0:00:17.017;0:00:00.417;Garçons;Revers;;Att/att;FLORE Tristan;;Attaque / Offensif;G3;
BOLL Timo (8);0:00:17.434;0:00:00.500;Garçons;Coup droit;;Att/att;Serveur Point -;;Controle / Résistance;G3;
BOLL Timo (9);0:00:22.105;0:00:00.700;Garçons;Coup droit;;Att/att;BOLL Timo;Latéral droit;;;
FLORE Tristan (10);0:00:23.456;0:00:00.834;Garçons;Coup droit;;Att/att;FLORE Tristan;;Poussette;M1;
BOLL Timo (10);0:00:24.290;0:00:00.767;Garçons;Revers;;Att/att;Serveur Point -;;Controle / Résistance;D2;
FLORE Tristan (11);0:00:27.544;0:00:00.000;Garçons;Coup droit;;Att/att;FLORE Tristan;Latéral droit;;;
BOLL Timo (11);0:00:30.563;0:00:00.316;Garçons;Coup droit;;Att/att;BOLL Timo;;Attaque / Offensif;M2;
FLORE Tristan (12);0:00:30.880;0:00:00.500;Garçons;Revers;;Att/att;Serveur Point -;;Controle / Résistance;G3;
FLORE Tristan (13);0:00:33.733;0:00:00.000;Garçons;Coup droit;;Att/att;FLORE Tristan;Latéral droit;;;
BOLL Timo (12);0:00:36.569;0:00:00.417;Garçons;Revers;;Att/att;BOLL Timo;;Controle / Résistance;M2;
FLORE Tristan (14);0:00:36.986;0:00:00.417;Garçons;Revers;;Att/att;FLORE Tristan;;Attaque / Offensif;M3;
BOLL Timo (13);0:00:37.404;0:00:00.567;Garçons;Revers;;Att/att;Serveur Point +;;Controle / Résistance;D3;
BOLL Timo (14);0:00:42.275;0:00:00.550;Garçons;Coup droit;;Att/att;BOLL Timo;Latéral gauche;;;
FLORE Tristan (15);0:00:43.259;0:00:00.700;Garçons;Revers;;Att/att;Serveur Point +;;Attaque / Offensif;M1;
BOLL Timo (15);0:00:47.947;0:00:00.633;Garçons;Coup droit;;Att/att;BOLL Timo;Latéral droit;;;
FLORE Tristan (16);0:00:49.332;0:00:00.383;Garçons;Coup droit;;Att/att;FLORE Tristan;;Attaque / Offensif;D2;
BOLL Timo (16);0:00:49.716;0:00:00.383;Garçons;Revers;;Att/att;Serveur Point -;;Controle / Résistance;D3;
FLORE Tristan (17);0:00:52.852;0:00:00.000;Garçons;Coup droit;;Att/att;FLORE Tristan;Latéral droit;;;
FLORE Tristan (18);0:01:02.245;0:00:00.000;Garçons;Coup droit;;Att/att;FLORE Tristan;Latéral droit;;;
BOLL Timo (17);0:01:05.248;0:00:00.500;Garçons;Coup droit;;Att/att;BOLL Timo;;Poussette;G1;
FLORE Tristan (19);0:01:05.749;0:00:00.433;Garçons;Coup droit;;Att/att;FLORE Tristan;;Attaque / Offensif;G3;
BOLL Timo (18);0:01:06.182;0:00:00.367;Garçons;Coup droit;;Att/att;Serveur Point +;;Controle / Résistance;D3;
FLORE Tristan (20);0:01:09.102;0:00:00.000;Garçons;Coup droit;;Att/att;FLORE Tristan;Latéral droit;;;
BOLL Timo (19);0:01:12.205;0:00:00.367;Garçons;Coup droit;;Att/att;Serveur Point +;;Controle / Résistance;G21;
BOLL Timo (20);0:01:17.444;0:00:01.351;Garçons;Coup droit;;Att/att;BOLL Timo;;;;
FLORE Tristan (21);0:01:18.795;0:00:00.950;Garçons;Revers;;Att/att;FLORE Tristan;;Poussette;G3;
BOLL Timo (21);0:01:19.746;0:00:00.784;Garçons;Coup droit;;Att/att;BOLL Timo;;Attaque / Offensif;M3;
FLORE Tristan (22);0:01:20.530;0:00:00.750;Garçons;Coup droit;;Att/att;FLORE Tristan;;Controle / Résistance;D3;
BOLL Timo (22);0:01:21.281;0:00:00.650;Garçons;Coup droit;;Att/att;BOLL Timo;;Attaque / Offensif;M3;
FLORE Tristan (23);0:01:21.931;0:00:00.900;Garçons;Revers;;Att/att;FLORE Tristan;;Controle / Résistance;M3;
BOLL Timo (23);0:01:22.832;0:00:00.734;Garçons;Coup droit;;Att/att;BOLL Timo;;Attaque / Offensif;M3;
FLORE Tristan (24);0:01:23.566;0:00:00.850;Garçons;Revers;;Att/att;FLORE Tristan;;Controle / Résistance;M3;
BOLL Timo (24);0:01:24.417;0:00:00.700;Garçons;Coup droit;;Att/att;BOLL Timo;;Attaque / Offensif;M3;
FLORE Tristan (25);0:01:25.118;0:00:00.900;Garçons;Revers;;Att/att;FLORE Tristan;;Controle / Résistance;G3;
BOLL Timo (25);0:01:26.019;0:00:00.684;Garçons;Coup droit;;Att/att;BOLL Timo;;Attaque / Offensif;M3;
FLORE Tristan (26);0:01:26.703;0:00:00.433;Garçons;Coup droit;;Att/att;Serveur Point +;;Controle / Résistance;D3;
BOLL Timo (26);0:01:31.191;0:00:00.667;Garçons;Coup droit;;Att/att;BOLL Timo;Latéral gauche;;;
FLORE Tristan (27);0:01:32.375;0:00:00.500;Garçons;Coup droit;;Att/att;FLORE Tristan;;Attaque / Offensif;M2;
BOLL Timo (27);0:01:32.876;0:00:00.283;Garçons;Revers;;Att/att;Serveur Point -;;Controle / Résistance;D3;
FLORE Tristan (28);0:01:35.912;0:00:00.000;Garçons;Coup droit;;Att/att;FLORE Tristan;Latéral droit;;;
BOLL Timo (28);0:01:38.798;0:00:00.433;Garçons;Coup droit;;Att/att;Serveur Point +;;Poussette;M1;
FLORE Tristan (29);0:01:41.835;0:00:00.000;Garçons;Coup droit;;Att/att;FLORE Tristan;Latéral droit;;;
BOLL Timo (29);0:01:44.704;0:00:00.550;Garçons;Coup droit;;Att/att;BOLL Timo;;Poussette;M1;
FLORE Tristan (30);0:01:45.255;0:00:00.517;Garçons;Revers;;Att/att;FLORE Tristan;;Attaque / Offensif;M2;
BOLL Timo (30);0:01:45.738;0:00:00.967;Garçons;Revers;;Att/att;Serveur Point +;;Controle / Résistance;D3;
BOLL Timo (31);0:01:49.125;0:00:01.184;Garçons;Coup droit;;Att/att;BOLL Timo;Latéral droit;;;
FLORE Tristan (31);0:01:51.027;0:00:00.667;Garçons;Revers;;Att/att;FLORE Tristan;;Attaque / Offensif;M2;
BOLL Timo (32);0:01:51.694;0:00:00.817;Garçons;Revers;;Att/att;BOLL Timo;;Controle / Résistance;D3;
FLORE Tristan (32);0:01:52.512;0:00:00.700;Garçons;Coup droit;;Att/att;FLORE Tristan;;Controle / Résistance;M3;
BOLL Timo (33);0:01:53.213;0:00:00.417;Garçons;Coup droit;;Att/att;BOLL Timo;;Attaque / Offensif;M3;
FLORE Tristan (33);0:01:53.630;0:00:00.767;Garçons;Coup droit;;Att/att;FLORE Tristan;;Controle / Résistance;D3;
BOLL Timo (34);0:01:54.397;0:00:00.433;Garçons;Coup droit;;Att/att;BOLL Timo;;Attaque / Offensif;D3;
FLORE Tristan (34);0:01:54.831;0:00:01.017;Garçons;Revers;;Att/att;FLORE Tristan;;Controle / Résistance;G3;
BOLL Timo (35);0:01:55.849;0:00:00.617;Garçons;Coup droit;;Att/att;BOLL Timo;;Controle / Résistance;G3;
FLORE Tristan (35);0:01:56.466;0:00:00.867;Garçons;Coup droit;;Att/att;Serveur Point +;;Controle / Résistance;M3;
BOLL Timo (36);0:01:58.952;0:00:00.650;Garçons;Coup droit;;Att/att;BOLL Timo;Latéral droit;;;
FLORE Tristan (36);0:02:00.403;0:00:00.567;Garçons;Revers;;Att/att;FLORE Tristan;;Attaque / Offensif;M2;
BOLL Timo (37);0:02:00.970;0:00:00.417;Garçons;Coup droit;;Att/att;BOLL Timo;;Attaque / Offensif;G3;
FLORE Tristan (37);0:02:01.387;0:00:00.617;Garçons;Coup droit;;Att/att;Serveur Point +;;Controle / Résistance;M3;
FLORE Tristan (38);0:02:04.574;0:00:00.000;Garçons;Coup droit;;Att/att;FLORE Tristan;Latéral droit;;;
BOLL Timo (38);0:02:07.544;0:00:00.517;Garçons;Coup droit;;Att/att;BOLL Timo;;Controle / Résistance;M2;
FLORE Tristan (39);0:02:08.061;0:00:00.767;Garçons;Revers;;Att/att;FLORE Tristan;;Controle / Résistance;M3;
BOLL Timo (39);0:02:08.828;0:00:00.633;Garçons;Revers;;Att/att;BOLL Timo;;Attaque / Offensif;D3;
FLORE Tristan (40);0:02:09.462;0:00:00.667;Garçons;Coup droit;;Att/att;FLORE Tristan;;Attaque / Offensif;D3;
BOLL Timo (40);0:02:10.130;0:00:00.350;Garçons;Coup droit;;Att/att;Serveur Point +;;Attaque / Offensif;D3;
FLORE Tristan (41);0:02:12.665;0:00:00.000;Garçons;Coup droit;;Att/att;FLORE Tristan;Latéral droit;;;
BOLL Timo (41);0:02:15.535;0:00:00.450;Garçons;Coup droit;;Att/att;BOLL Timo;;Poussette;M1;
FLORE Tristan (42);0:02:15.985;0:00:00.533;Garçons;Revers;;Att/att;FLORE Tristan;;Attaque / Offensif;M3;
BOLL Timo (42);0:02:16.519;0:00:00.450;Garçons;Revers;;Att/att;BOLL Timo;;Controle / Résistance;M3;
FLORE Tristan (43);0:02:16.970;0:00:00.500;Garçons;Revers;;Att/att;FLORE Tristan;;Attaque / Offensif;M3;
BOLL Timo (43);0:02:17.470;0:00:00.500;Garçons;Revers;;Att/att;BOLL Timo;;Controle / Résistance;M3;
FLORE Tristan (44);0:02:17.971;0:00:00.817;Garçons;Revers;;Att/att;Serveur Point -;;Controle / Résistance;G3;
BOLL Timo (44);0:02:22.509;0:00:00.517;Garçons;Coup droit;;Att/att;BOLL Timo;Latéral droit;;;
FLORE Tristan (45);0:02:23.793;0:00:00.717;Garçons;Coup droit;;Att/att;FLORE Tristan;;Poussette;D1;
BOLL Timo (45);0:02:24.511;0:00:00.450;Garçons;Revers;;Att/att;BOLL Timo;;Controle / Résistance;M2;
FLORE Tristan (46);0:02:24.961;0:00:00.834;Garçons;Revers;;Att/att;Serveur Point +;;Controle / Résistance;G3;
BOLL Timo (46);0:02:29.015;0:00:01.334;Garçons;Coup droit;;Att/att;BOLL Timo;Latéral gauche;;;
FLORE Tristan (47);0:02:30.350;0:00:00.617;Garçons;Revers;;Att/att;Serveur Point +;;Attaque / Offensif;G21;
FLORE Tristan (48);0:02:33.453;0:00:00.000;Garçons;Coup droit;;Att/att;FLORE Tristan;Latéral droit;;;
BOLL Timo (47);0:02:36.322;0:00:00.550;Garçons;Coup droit;;Att/att;BOLL Timo;;Poussette;M1;
FLORE Tristan (49);0:02:36.873;0:00:00.517;Garçons;Coup droit;;Att/att;Serveur Point -;;Attaque / Offensif;D2;
BOLL Timo (48);0:02:41.511;0:00:00.717;Garçons;Coup droit;;Att/att;BOLL Timo;Latéral droit;;;
FLORE Tristan (50);0:02:42.962;0:00:00.817;Garçons;Coup droit;;Att/att;FLORE Tristan;;Poussette;D1;
BOLL Timo (49);0:02:43.780;0:00:00.700;Garçons;Coup droit;;Att/att;BOLL Timo;;Controle / Résistance;M2;
FLORE Tristan (51);0:02:44.480;0:00:00.283;Garçons;Coup droit;;Att/att;FLORE Tristan;;Attaque / Offensif;M3;
BOLL Timo (50);0:02:44.764;0:00:00.600;Garçons;Revers;;Att/att;BOLL Timo;;Controle / Résistance;M3;
FLORE Tristan (52);0:02:45.365;0:00:00.517;Garçons;Coup droit;;Att/att;FLORE Tristan;;Attaque / Offensif;M3;
BOLL Timo (51);0:02:45.882;0:00:00.183;Garçons;Droitier/gaucher;;Att/att;Serveur Point -;;;G3;
FLORE Tristan (53);0:02:48.034;0:00:00.000;Garçons;Coup droit;;Att/att;FLORE Tristan;Latéral droit;Poussette;M1;
FLORE Tristan (54);0:02:50.086;0:00:01.768;Garçons;Revers;;Att/att;FLORE Tristan;;Controle / Résistance;M3;
BOLL Timo (52);0:02:51.855;0:00:00.483;Garçons;Coup droit;;Att/att;BOLL Timo;;Attaque / Offensif;G3;
FLORE Tristan (55);0:02:52.338;0:00:00.734;Garçons;Coup droit;;Att/att;Serveur Point -;;Attaque / Offensif;G3;
BOLL Timo (53);0:02:57.093;0:00:01.451;Garçons;Coup droit;;Att/att;BOLL Timo;;;;
FLORE Tristan (56);0:02:58.545;0:00:00.383;Garçons;Coup droit;;Att/att;FLORE Tristan;;Attaque / Offensif;D3;
BOLL Timo (54);0:02:58.928;0:00:00.400;Garçons;Coup droit;;Att/att;BOLL Timo;;Controle / Résistance;D3;
FLORE Tristan (57);0:02:59.329;0:00:01.017;Garçons;Coup droit;;Att/att;FLORE Tristan;;Controle / Résistance;G3;
BOLL Timo (55);0:03:00.346;0:00:00.817;Garçons;Coup droit;;Att/att;BOLL Timo;;Controle / Résistance;D3;
FLORE Tristan (58);0:03:01.164;0:00:01.418;Garçons;Revers;;Att/att;Serveur Point -;;Attaque / Offensif;M3;
FLORE Tristan (59);0:03:05.018;0:00:00.000;Garçons;Coup droit;;Att/att;FLORE Tristan;Latéral droit;;;
BOLL Timo (56);0:03:08.104;0:00:00.600;Garçons;Coup droit;;Att/att;BOLL Timo;;Controle / Résistance;D2;
FLORE Tristan (60);0:03:08.705;0:00:00.650;Garçons;Coup droit;;Att/att;Serveur Point -;;Attaque / Offensif;D3;
BOLL Timo (57);0:03:13.960;0:00:00.750;Garçons;Coup droit;;Att/att;BOLL Timo;Latéral droit;;;
FLORE Tristan (61);0:03:15.645;0:00:00.467;Garçons;Revers;;Att/att;FLORE Tristan;;Attaque / Offensif;D2;
BOLL Timo (58);0:03:16.112;0:00:00.750;Garçons;Revers;;Att/att;BOLL Timo;;Controle / Résistance;D3;
FLORE Tristan (62);0:03:16.863;0:00:00.700;Garçons;Coup droit;;Att/att;FLORE Tristan;;Controle / Résistance;M3;
BOLL Timo (59);0:03:17.564;0:00:00.333;Garçons;Coup droit;;Att/att;BOLL Timo;;Attaque / Offensif;D3;
FLORE Tristan (63);0:03:17.897;0:00:00.967;Garçons;Revers;;Att/att;Serveur Point -;;Controle / Résistance;G3;
FLORE Tristan (64);0:03:21.267;0:00:00.000;Garçons;Coup droit;;Att/att;FLORE Tristan;Latéral droit;;;
BOLL Timo (60);0:03:24.087;0:00:00.583;Garçons;Coup droit;;Att/att;BOLL Timo;;Poussette;M1;
FLORE Tristan (65);0:03:24.671;0:00:00.417;Garçons;Coup droit;;Att/att;FLORE Tristan;;Attaque / Offensif;G21;
BOLL Timo (61);0:03:25.088;0:00:01.368;Garçons;Revers;;Att/att;Serveur Point +;;Controle / Résistance;D3;
BOLL Timo (62);0:03:29.425;0:00:01.368;Garçons;Coup droit;;Att/att;BOLL Timo;;;;
FLORE Tristan (66);0:03:30.793;0:00:02.836;Garçons;Coup droit;;Att/att;FLORE Tristan;;Controle / Résistance;D3;
BOLL Timo (63);0:03:33.630;0:00:00.400;Garçons;Coup droit;;Att/att;BOLL Timo;;Attaque / Offensif;D3;
FLORE Tristan (67);0:03:34.030;0:00:01.685;Garçons;Coup droit;;Att/att;FLORE Tristan;;Controle / Résistance;M3;
BOLL Timo (64);0:03:35.715;0:00:00.767;Garçons;Coup droit;;Att/att;BOLL Timo;;Attaque / Offensif;M3;
FLORE Tristan (68);0:03:36.482;0:00:01.868;Garçons;Revers;;Att/att;Serveur Point +;;Controle / Résistance;G3;
FLORE Tristan (69);0:03:40.703;0:00:00.000;Garçons;Coup droit;;Att/att;FLORE Tristan;Latéral droit;;;
FLORE Tristan (70);0:03:56.869;0:00:00.000;Garçons;Coup droit;;Att/att;FLORE Tristan;Latéral droit;;;
BOLL Timo (65);0:03:59.722;0:00:00.717;Garçons;Coup droit;;Att/att;Serveur Point +;;Poussette;M1;
BOLL Timo (66);0:04:03.676;0:00:01.001;Garçons;Coup droit;;Att/att;BOLL Timo;Latéral droit;;;
FLORE Tristan (71);0:04:05.245;0:00:00.500;Garçons;Revers;;Att/att;FLORE Tristan;;Controle / Résistance;G21;
BOLL Timo (67);0:04:05.745;0:00:00.767;Garçons;Revers;;Att/att;Serveur Point -;;Controle / Résistance;D3;
SET (2);0:04:08.197;0:00:00.000;Garçons;Droitier/gaucher;2;Att/att;;;;;
BOLL Timo (68);0:04:11.234;0:00:00.917;Garçons;Coup droit;SET;Att/att;BOLL Timo;Latéral gauche;;;
FLORE Tristan (72);0:04:12.702;0:00:00.433;Garçons;Revers;SET;Att/att;FLORE Tristan;;Poussette;M1;
BOLL Timo (69);0:04:13.136;0:00:00.633;Garçons;Coup droit;SET;Att/att;BOLL Timo;;Poussette;G21;
FLORE Tristan (73);0:04:13.770;0:00:00.517;Garçons;Revers;SET;Att/att;FLORE Tristan;;Attaque / Offensif;M2;
BOLL Timo (70);0:04:14.287;0:00:00.383;Garçons;Coup droit;SET;Att/att;BOLL Timo;;Attaque / Offensif;G21;
FLORE Tristan (74);0:04:14.671;0:00:00.583;Garçons;Revers;SET;Att/att;FLORE Tristan;;Controle / Résistance;G3;
BOLL Timo (71);0:04:15.255;0:00:00.550;Garçons;Coup droit;SET;Att/att;BOLL Timo;;Attaque / Offensif;G3;
FLORE Tristan (75);0:04:15.805;0:00:00.250;Garçons;Coup droit;SET;Att/att;FLORE Tristan;;Attaque / Offensif;M3;
BOLL Timo (72);0:04:16.055;0:00:00.817;Garçons;Revers;SET;Att/att;Serveur Point -;;Controle / Résistance;D3;
BOLL Timo (73);0:04:19.425;0:00:01.368;Garçons;Coup droit;SET;Att/att;BOLL Timo;Latéral droit;;;
FLORE Tristan (76);0:04:20.977;0:00:00.650;Garçons;Coup droit;SET;Att/att;FLORE Tristan;;Poussette;D1;
BOLL Timo (74);0:04:21.628;0:00:00.333;Garçons;Revers;SET;Att/att;BOLL Timo;;Attaque / Offensif;M1;
FLORE Tristan (77);0:04:21.961;0:00:00.884;Garçons;Revers;SET;Att/att;FLORE Tristan;;Controle / Résistance;G3;
BOLL Timo (75);0:04:22.845;0:00:00.884;Garçons;Coup droit;SET;Att/att;BOLL Timo;;Controle / Résistance;M3;
FLORE Tristan (78);0:04:23.730;0:00:00.884;Garçons;Revers;SET;Att/att;FLORE Tristan;;Controle / Résistance;G3;
BOLL Timo (76);0:04:24.614;0:00:00.750;Garçons;Coup droit;SET;Att/att;Serveur Point -;;Controle / Résistance;M3;
FLORE Tristan (79);0:04:27.934;0:00:00.000;Garçons;Coup droit;SET;Att/att;FLORE Tristan;Latéral droit;;;
BOLL Timo (77);0:04:30.470;0:00:00.517;Garçons;Revers;SET;Att/att;BOLL Timo;;Attaque / Offensif;M2;
FLORE Tristan (80);0:04:30.987;0:00:00.383;Garçons;Revers;SET;Att/att;FLORE Tristan;;Controle / Résistance;G3;
BOLL Timo (78);0:04:31.371;0:00:00.800;Garçons;Revers;SET;Att/att;BOLL Timo;;Attaque / Offensif;D3;
FLORE Tristan (81);0:04:32.171;0:00:01.184;Garçons;Coup droit;SET;Att/att;Serveur Point -;;Controle / Résistance;D2;
FLORE Tristan (82);0:04:36.009;0:00:00.000;Garçons;Coup droit;SET;Att/att;FLORE Tristan;Latéral droit;;;
BOLL Timo (79);0:04:38.194;0:00:00.500;Garçons;Revers;SET;Att/att;Serveur Point +;;Controle / Résistance;D3;
BOLL Timo (80);0:04:42.649;0:00:00.000;Garçons;Coup droit;SET;Att/att;BOLL Timo;;;;
FLORE Tristan (83);0:04:43.925;0:00:00.600;Garçons;Coup droit;;Att/att;FLORE Tristan;;Poussette;D1;
BOLL Timo (81);0:04:44.525;0:00:00.692;Garçons;Coup droit;;Att/att;BOLL Timo;;Poussette;M1;
FLORE Tristan (84);0:04:45.218;0:00:00.558;Garçons;Coup droit;;Att/att;FLORE Tristan;;Controle / Résistance;M2;
BOLL Timo (82);0:04:45.777;0:00:00.792;Garçons;Revers;;Att/att;BOLL Timo;;Attaque / Offensif;D3;
FLORE Tristan (85);0:04:46.569;0:00:00.959;Garçons;Coup droit;;Att/att;FLORE Tristan;;Controle / Résistance;G3;
BOLL Timo (83);0:04:47.528;0:00:00.917;Garçons;Coup droit;;Att/att;BOLL Timo;;Attaque / Offensif;M3;
FLORE Tristan (86);0:04:48.446;0:00:01.076;Garçons;Coup droit;;Att/att;Serveur Point +;;Controle / Résistance;D3;
BOLL Timo (84);0:04:52.475;0:00:00.000;;Coup droit;;;SERVICE;Latéral droit;;;
BOLL Timo (85);0:05:00.633;0:00:01.735;;Coup droit;;;SERVICE;Latéral gauche;;G1;
FLORE Tristan (87);0:05:02.368;0:00:00.834;;Revers;;;FLORE Tristan;;Poussette;G1;
BOLL Timo (86);0:05:03.202;0:00:00.000;;Coup droit;;;BOLL Timo;;Controle / Résistance;D3;
FLORE Tristan (88);0:05:03.920;0:00:01.234;;Coup droit;;;FLORE Tristan;;Controle / Résistance;M3;
BOLL Timo (87);0:05:05.154;0:00:00.650;;Coup droit;;;BOLL Timo;;Attaque / Offensif;G3;
FLORE Tristan (89);0:05:05.805;0:00:01.201;;Revers;;;Serveur Point +;;Controle / Résistance;;
FLORE Tristan (90);0:05:09.392;0:00:02.602;;Coup droit;;;FLORE Tristan;Latéral droit;;M2;
BOLL Timo (88);0:05:12.028;0:00:00.800;;Coup droit;;;BOLL Timo;;Poussette;D3;
FLORE Tristan (91);0:05:12.829;0:00:00.417;;Coup droit;;;FLORE Tristan;;Attaque / Offensif;M3;
BOLL Timo (89);0:05:13.246;0:00:00.600;;Coup droit;;;BOLL Timo;;Controle / Résistance;D3;
FLORE Tristan (92);0:05:13.846;0:00:00.316;;Coup droit;;;FLORE Tristan;;Attaque / Offensif;M3;
BOLL Timo (90);0:05:14.163;0:00:08.408;;Revers;;;BOLL Timo;;Controle / Résistance;D3;
FLORE Tristan (93);0:05:14.881;0:00:00.383;;Coup droit;;;FLORE Tristan;;Attaque / Offensif;M3;
BOLL Timo (91);0:05:15.264;0:00:00.500;;Coup droit;;;Serveur Point +;;Controle / Résistance;;
FLORE Tristan (94);0:05:18.134;0:00:02.352;;Coup droit;;;FLORE Tristan;Latéral droit;;D2;
BOLL Timo (92);0:05:20.737;0:00:00.784;;Coup droit;;;BOLL Timo;;Poussette;D2;
FLORE Tristan (95);0:05:21.521;0:00:00.367;;Coup droit;;;FLORE Tristan;;Attaque / Offensif;M3;
BOLL Timo (93);0:05:21.888;0:00:00.700;;Revers;;;BOLL Timo;;Controle / Résistance;D3;
FLORE Tristan (96);0:05:22.588;0:00:00.367;;Coup droit;;;FLORE Tristan;;Attaque / Offensif;D3;
BOLL Timo (94);0:05:22.955;0:00:00.934;;Revers;;;BOLL Timo;;Controle / Résistance;M3;
FLORE Tristan (97);0:05:23.890;0:00:00.350;;Coup droit;;;FLORE Tristan;;Attaque / Offensif;D3;
BOLL Timo (95);0:05:24.240;0:00:00.583;;Revers;;;BOLL Timo;;Controle / Résistance;M3;
FLORE Tristan (98);0:05:24.824;0:00:01.701;;Coup droit;;;FLORE Tristan;;Attaque / Offensif;D3;
BOLL Timo (96);0:05:26.526;0:00:00.567;;Revers;;;BOLL Timo;;Controle / Résistance;G3;
FLORE Tristan (99);0:05:27.093;0:00:00.734;;Revers;;;FLORE Tristan;;Controle / Résistance;D3;
BOLL Timo (97);0:05:27.827;0:00:00.483;;Revers;;;Serveur Point +;;Attaque / Offensif;;
BOLL Timo (98);0:05:31.030;0:00:01.568;;Coup droit;;;BOLL Timo;Latéral droit;;M1;
FLORE Tristan (100);0:05:32.782;0:00:00.650;;Coup droit;;;FLORE Tristan;;Poussette;M1;
BOLL Timo (99);0:05:33.433;0:00:00.517;;Revers;;;Serveur Point -;;Poussette;;
BOLL Timo (100);0:05:35.101;0:00:00.667;;Coup droit;;;BOLL Timo;Latéral gauche;;D2;
FLORE Tristan (101);0:05:36.436;0:00:00.667;;Coup droit;;;FLORE Tristan;;Poussette;D3;
BOLL Timo (101);0:05:37.103;0:00:00.483;;Revers;;;BOLL Timo;;Controle / Résistance;G3;
FLORE Tristan (102);0:05:37.587;0:00:00.667;;Revers;;;FLORE Tristan;;Controle / Résistance;G3;
BOLL Timo (102);0:05:38.254;0:00:00.667;;Coup droit;;;Serveur Point -;;Controle / Résistance;;
FLORE Tristan (103);0:05:41.741;0:00:02.469;;Coup droit;;;FLORE Tristan;Latéral droit;;M1;
BOLL Timo (103);0:05:44.410;0:00:00.550;;Coup droit;;;BOLL Timo;;Poussette;D3;
FLORE Tristan (104);0:05:44.961;0:00:00.583;;Coup droit;;;Serveur Point +;;Attaque / Offensif;M3;
FLORE Tristan (105);0:05:48.715;0:00:02.702;;Coup droit;;;FLORE Tristan;;;M1;
BOLL Timo (104);0:05:51.417;0:00:10.093;;Revers;;;BOLL Timo;;Attaque / Offensif;G3;
FLORE Tristan (106);0:06:01.511;0:00:02.102;;Coup droit;;;FLORE Tristan;Latéral droit;;M1;
BOLL Timo (105);0:06:03.930;0:00:00.817;;Coup droit;;;BOLL Timo;;Poussette;M3;
FLORE Tristan (107);0:06:04.747;0:00:01.668;;Coup droit;;;Serveur Point -;;Controle / Résistance;D3;
BOLL Timo (106);0:06:08.167;0:00:01.101;;Coup droit;;;BOLL Timo;Latéral gauche;;G1;
FLORE Tristan (108);0:06:09.669;0:00:00.533;;Coup droit;;;FLORE Tristan;;Poussette;M1;
BOLL Timo (107);0:06:10.203;0:00:00.583;;Coup droit;;;BOLL Timo;;Controle / Résistance;M3;
FLORE Tristan (109);0:06:10.787;0:00:00.533;;Revers;;;FLORE Tristan;;Controle / Résistance;M3;
BOLL Timo (108);0:06:11.320;0:00:00.400;;Coup droit;;;BOLL Timo;;Attaque / Offensif;G3;
FLORE Tristan (110);0:06:11.721;0:00:00.850;;Revers;;;FLORE Tristan;;Controle / Résistance;M3;
BOLL Timo (109);0:06:12.572;0:00:00.700;;Coup droit;;;BOLL Timo;;Attaque / Offensif;G3;
FLORE Tristan (111);0:06:13.272;0:00:00.650;;Revers;;;FLORE Tristan;;Attaque / Offensif;G3;
BOLL Timo (110);0:06:13.923;0:00:00.600;;Coup droit;;;BOLL Timo;;Attaque / Offensif;M3;
FLORE Tristan (112);0:06:14.524;0:00:00.517;;Coup droit;;;FLORE Tristan;;Attaque / Offensif;M3;
BOLL Timo (111);0:06:15.041;0:00:00.700;;Coup droit;;;Serveur Point -;;Attaque / Offensif;;
BOLL Timo (112);0:06:18.361;0:00:00.817;;Coup droit;;;BOLL Timo;Latéral droit;;D2;
FLORE Tristan (113);0:06:19.896;0:00:00.550;;Coup droit;;;FLORE Tristan;;Poussette;D3;
BOLL Timo (113);0:06:20.446;0:00:00.700;;Revers;;;BOLL Timo;;Controle / Résistance;M3;
FLORE Tristan (114);0:06:21.147;0:00:00.784;;Coup droit;;;FLORE Tristan;;Controle / Résistance;D3;
BOLL Timo (114);0:06:21.931;0:00:00.550;;Revers;;;BOLL Timo;;Attaque / Offensif;D3;
FLORE Tristan (115);0:06:22.482;0:00:00.417;;Coup droit;;;FLORE Tristan;;Attaque / Offensif;D3;
BOLL Timo (115);0:06:22.899;0:00:00.717;;Revers;;;Serveur Point -;;Attaque / Offensif;;
FLORE Tristan (116);0:06:25.852;0:00:02.102;;Coup droit;;;FLORE Tristan;Latéral droit;;M1;
BOLL Timo (116);0:06:28.454;0:00:00.600;;Coup droit;;;BOLL Timo;;Poussette;M1;
FLORE Tristan (117);0:06:29.055;0:00:00.600;;Revers;;;FLORE Tristan;;Controle / Résistance;D3;
BOLL Timo (117);0:06:29.655;0:00:00.717;;Revers;;;BOLL Timo;;Controle / Résistance;M3;
FLORE Tristan (118);0:06:30.373;0:00:00.483;;Coup droit;;;FLORE Tristan;;Attaque / Offensif;D3;
BOLL Timo (118);0:06:30.857;0:00:00.567;;Revers;;;BOLL Timo;;Controle / Résistance;M3;
FLORE Tristan (119);0:06:31.424;0:00:00.467;;Coup droit;;;FLORE Tristan;;Attaque / Offensif;G3;
BOLL Timo (119);0:06:31.891;0:00:02.202;;Coup droit;3;;Serveur Point +;;Controle / Résistance;;
SET (3);0:06:34.093;0:00:00.000;;;SET;;;;;;
FLORE Tristan (120);0:06:37.346;0:00:02.118;;Coup droit;SET;;FLORE Tristan;Latéral droit;;M2;
BOLL Timo (120);0:06:40.083;0:00:00.450;;Revers;SET;;BOLL Timo;;Controle / Résistance;M3;
FLORE Tristan (121);0:06:40.533;0:00:00.684;;Revers;SET;;FLORE Tristan;;Controle / Résistance;G3;
BOLL Timo (121);0:06:41.217;0:00:00.650;;Coup droit;SET;;Serveur Point +;;Attaque / Offensif;;
FLORE Tristan (122);0:06:44.237;0:00:02.902;;Coup droit;SET;;FLORE Tristan;Latéral droit;;G1;
BOLL Timo (122);0:06:47.156;0:00:00.250;;Revers;SET;;Serveur Point +;;Attaque / Offensif;;
BOLL Timo (123);0:06:51.194;0:00:00.934;;Coup droit;SET;;BOLL Timo;Latéral gauche;;D1;
FLORE Tristan (123);0:06:52.795;0:00:00.734;;Coup droit;SET;;FLORE Tristan;;Poussette;M1;
BOLL Timo (124);0:06:53.529;0:00:00.600;;Coup droit;SET;;BOLL Timo;;Controle / Résistance;G3;
FLORE Tristan (124);0:06:54.130;0:00:00.917;;Revers;SET;;FLORE Tristan;;Controle / Résistance;G3;
BOLL Timo (125);0:06:55.047;0:00:00.800;;Coup droit;SET;;BOLL Timo;;Controle / Résistance;G3;
FLORE Tristan (125);0:06:55.848;0:00:00.950;;Revers;SET;;FLORE Tristan;;Controle / Résistance;M3;
BOLL Timo (126);0:06:56.799;0:00:00.734;;Coup droit;SET;;BOLL Timo;;Controle / Résistance;M3;
FLORE Tristan (126);0:06:57.533;0:00:00.767;;Revers;SET;;FLORE Tristan;;Controle / Résistance;M3;
BOLL Timo (127);0:06:58.301;0:00:01.117;;Coup droit;SET;;Serveur Point -;;Attaque / Offensif;;
BOLL Timo (128);0:07:01.471;0:00:00.850;;Coup droit;SET;;BOLL Timo;Latéral droit;;M1;
BOLL Timo (129);0:07:09.479;0:00:00.784;;Coup droit;SET;;BOLL Timo;Latéral droit;;D2;
FLORE Tristan (127);0:07:10.897;0:00:00.567;;Coup droit;SET;;FLORE Tristan;;Poussette;D3;
BOLL Timo (130);0:07:11.464;0:00:00.467;;Revers;SET;;BOLL Timo;;Controle / Résistance;G3;
FLORE Tristan (128);0:07:11.931;0:00:01.067;;Revers;SET;;FLORE Tristan;;Controle / Résistance;M2;
BOLL Timo (131);0:07:12.999;0:00:00.266;;Coup droit;SET;;BOLL Timo;;Attaque / Offensif;G3;
FLORE Tristan (129);0:07:13.266;0:00:00.000;;Revers;SET;;Serveur Point +;;Controle / Résistance;;
FLORE Tristan (130);0:07:16.402;0:00:00.000;;Coup droit;SET;;FLORE Tristan;Latéral droit;;G21;
BOLL Timo (132);0:07:19.555;0:00:00.684;;Coup droit;SET;;BOLL Timo;;Controle / Résistance;G3;
FLORE Tristan (131);0:07:20.239;0:00:00.367;;Coup droit;SET;;FLORE Tristan;;Attaque / Offensif;G3;
BOLL Timo (133);0:07:20.606;0:00:00.600;;Coup droit;SET;;BOLL Timo;;Controle / Résistance;M3;
FLORE Tristan (132);0:07:21.207;0:00:00.600;;Coup droit;SET;;FLORE Tristan;;Controle / Résistance;D3;
BOLL Timo (134);0:07:21.808;0:00:00.800;;Revers;SET;;BOLL Timo;;Controle / Résistance;M3;
FLORE Tristan (133);0:07:22.608;0:00:00.700;;Coup droit;SET;;FLORE Tristan;;Controle / Résistance;D3;
BOLL Timo (135);0:07:23.309;0:00:00.800;;Coup droit;SET;;BOLL Timo;;Controle / Résistance;G3;
FLORE Tristan (134);0:07:24.110;0:00:01.368;;Revers;SET;;Serveur Point -;;Attaque / Offensif;;
FLORE Tristan (135);0:07:26.913;0:00:02.652;;Coup droit;SET;;FLORE Tristan;Latéral droit;;M2;
BOLL Timo (136);0:07:30.032;0:00:00.684;;Revers;SET;;Serveur Point +;;Controle / Résistance;;
BOLL Timo (137);0:07:33.636;0:00:00.750;;Coup droit;SET;;BOLL Timo;Latéral gauche;;M1;
FLORE Tristan (136);0:07:34.887;0:00:00.517;;Revers;SET;;FLORE Tristan;;Poussette;G1;
BOLL Timo (138);0:07:35.404;0:00:00.583;;Coup droit;SET;;BOLL Timo;;Poussette;M2;
FLORE Tristan (137);0:07:35.988;0:00:00.550;;Revers;SET;;FLORE Tristan;;Controle / Résistance;M3;
BOLL Timo (139);0:07:36.539;0:00:00.433;;Coup droit;SET;;BOLL Timo;;Attaque / Offensif;M3;
FLORE Tristan (138);0:07:36.973;0:00:00.834;;Coup droit;SET;;Serveur Point +;;Controle / Résistance;;
BOLL Timo (140);0:07:40.426;0:00:00.784;;Coup droit;SET;;BOLL Timo;Latéral gauche;;G3;
FLORE Tristan (139);0:07:41.928;0:00:01.167;;Revers;SET;;Serveur Point +;;Controle / Résistance;;
FLORE Tristan (140);0:07:45.631;0:00:02.652;;Coup droit;SET;;FLORE Tristan;Latéral droit;;M1;
BOLL Timo (141);0:07:48.284;0:00:00.433;;Revers;SET;;Serveur Point +;;Controle / Résistance;;
FLORE Tristan (141);0:07:50.536;0:00:02.218;;Coup droit;SET;;FLORE Tristan;Latéral droit;;G21;
BOLL Timo (142);0:07:53.489;0:00:00.700;;Coup droit;SET;;Serveur Point +;;Poussette;;
BOLL Timo (143);0:07:57.643;0:00:00.917;;Coup droit;SET;;BOLL Timo;Latéral gauche;;M2;
FLORE Tristan (142);0:07:58.995;0:00:00.533;;Coup droit;SET;;FLORE Tristan;;Poussette;M1;
BOLL Timo (144);0:07:59.529;0:00:00.667;;Coup droit;SET;;BOLL Timo;;Poussette;M2;
FLORE Tristan (143);0:08:00.196;0:00:01.368;;Coup droit;SET;;Serveur Point -;;Attaque / Offensif;M3;
BOLL Timo (145);0:08:04.033;0:00:00.784;;Coup droit;SET;;BOLL Timo;Latéral droit;;D1;
FLORE Tristan (144);0:08:05.551;0:00:00.650;;Coup droit;SET;;FLORE Tristan;;Poussette;M2;
BOLL Timo (146);0:08:06.202;0:00:00.467;;Revers;SET;;BOLL Timo;;Attaque / Offensif;D3;
FLORE Tristan (145);0:08:06.669;0:00:00.483;;Coup droit;SET;;FLORE Tristan;;Attaque / Offensif;D3;
BOLL Timo (147);0:08:07.153;0:00:00.717;;Revers;SET;;BOLL Timo;;Controle / Résistance;D3;
FLORE Tristan (146);0:08:07.870;0:00:00.700;;Coup droit;SET;;FLORE Tristan;;Controle / Résistance;D3;
BOLL Timo (148);0:08:08.571;0:00:00.450;;Coup droit;SET;;BOLL Timo;;Attaque / Offensif;D3;
FLORE Tristan (147);0:08:09.021;0:00:00.583;;Coup droit;SET;;Serveur Point +;;Controle / Résistance;;
FLORE Tristan (148);0:08:11.407;0:00:02.102;;Coup droit;SET;;FLORE Tristan;Latéral droit;;M1;
BOLL Timo (149);0:08:14.260;0:00:00.350;;Coup droit;SET;;Serveur Point +;;Poussette;;
FLORE Tristan (149);0:08:17.530;0:00:01.801;;Coup droit;SET;;FLORE Tristan;Latéral droit;;G21;
BOLL Timo (150);0:08:20.049;0:00:00.650;;Coup droit;SET;;BOLL Timo;;Poussette;G3;
FLORE Tristan (150);0:08:20.700;0:00:00.750;;Revers;SET;;FLORE Tristan;;Controle / Résistance;M3;
BOLL Timo (151);0:08:21.450;0:00:00.633;;Coup droit;SET;;Serveur Point +;;Attaque / Offensif;;
BOLL Timo (152);0:08:24.787;0:00:00.750;;Coup droit;SET;;BOLL Timo;Latéral gauche;;M1;
FLORE Tristan (151);0:08:26.155;0:00:00.600;;Coup droit;SET;;FLORE Tristan;;Poussette;M2;
BOLL Timo (153);0:08:26.756;0:00:00.300;;Coup droit;SET;;BOLL Timo;;Attaque / Offensif;D3;
FLORE Tristan (152);0:08:27.056;0:00:00.650;;Coup droit;SET;;FLORE Tristan;;Controle / Résistance;M3;
BOLL Timo (154);0:08:27.707;0:00:00.350;;Coup droit;SET;;BOLL Timo;;Controle / Résistance;M3;
FLORE Tristan (153);0:08:28.241;0:00:00.650;;Revers;SET;;Serveur Point +;;Attaque / Offensif;;
BOLL Timo (155);0:08:30.243;0:00:00.684;;Coup droit;SET;;BOLL Timo;Latéral gauche;;G1;
FLORE Tristan (154);0:08:31.627;0:00:00.550;;Revers;SET;;Serveur Point +;;Attaque / Offensif;;
FLORE Tristan (155);0:08:34.764;0:00:02.352;;Coup droit;SET;;FLORE Tristan;Latéral droit;;G1;
BOLL Timo (156);0:08:37.733;0:00:00.400;;Revers;SET;;BOLL Timo;;Controle / Résistance;G3;
FLORE Tristan (156);0:08:38.134;0:00:00.800;;Revers;SET;;Serveur Point -;;Controle / Résistance;;
FLORE Tristan (157);0:08:47.210;0:00:02.369;;Coup droit;SET;;FLORE Tristan;Latéral droit;;M2;
BOLL Timo (157);0:08:50.213;0:00:00.433;;Coup droit;SET;;BOLL Timo;;Attaque / Offensif;G3;
FLORE Tristan (158);0:08:50.646;0:00:00.600;;Coup droit;SET;;Serveur Point -;;Controle / Résistance;;
BOLL Timo (158);0:08:54.967;0:00:00.684;;Coup droit;SET;;BOLL Timo;Latéral gauche;;G1;
FLORE Tristan (159);0:08:56.152;0:00:00.850;;Coup droit;SET;;FLORE Tristan;;Poussette;M2;
BOLL Timo (159);0:08:57.003;0:00:00.667;;Coup droit;SET;;BOLL Timo;;Controle / Résistance;M3;
FLORE Tristan (160);0:08:57.670;0:00:00.750;;Revers;SET;;FLORE Tristan;;Controle / Résistance;D3;
BOLL Timo (160);0:08:58.421;0:00:00.483;;Revers;SET;;BOLL Timo;;Attaque / Offensif;D3;
FLORE Tristan (161);0:08:58.905;0:00:00.734;;Coup droit;SET;;Serveur Point +;;Controle / Résistance;;
BOLL Timo (161);0:09:03.042;0:00:00.717;;Coup droit;;;BOLL Timo;Latéral droit;;D2;
FLORE Tristan (162);0:09:04.527;0:00:00.467;;Coup droit;;;FLORE Tristan;;Controle / Résistance;D3;
BOLL Timo (162);0:09:04.994;0:00:00.667;;Revers;;;BOLL Timo;;Controle / Résistance;M3;
FLORE Tristan (163);0:09:05.661;0:00:00.700;;;;;Serveur Point -;;;M3;
FLORE Tristan (164);0:09:09.031;0:00:02.285;;Coup droit;;;FLORE Tristan;Latéral droit;;M1;
BOLL Timo (163);0:09:12.001;0:00:00.767;;Revers;;;BOLL Timo;;Controle / Résistance;M3;
FLORE Tristan (165);0:09:12.768;0:00:00.000;;Revers;;;Serveur Point -;;Attaque / Offensif;;
BOLL Timo (164);0:09:16.205;0:00:00.684;;Coup droit;;;BOLL Timo;Latéral gauche;;G3;
FLORE Tristan (166);0:09:17.523;0:00:00.567;;Revers;;;FLORE Tristan;;Attaque / Offensif;D3;
BOLL Timo (165);0:09:18.090;0:00:00.867;;Revers;;;BOLL Timo;;Controle / Résistance;D3;
FLORE Tristan (167);0:09:18.958;0:00:00.950;;Coup droit;;;Serveur Point +;;Controle / Résistance;;
SET (4);0:09:20.643;0:03:18.581;;;SET;;;;;;
BOLL Timo (166);0:09:20.643;0:00:03.553;;Coup droit;SET;;BOLL Timo;Latéral droit;;M2;
FLORE Tristan (168);0:09:25.014;0:00:00.300;;Revers;SET;;Serveur Point +;;Attaque / Offensif;;
BOLL Timo (167);0:09:28.067;0:00:00.667;;Coup droit;SET;;BOLL Timo;Latéral gauche;;M2;
FLORE Tristan (169);0:09:29.418;0:00:00.000;;Revers;SET;;Serveur Point +;;Attaque / Offensif;;
FLORE Tristan (170);0:09:32.138;0:00:02.035;;Coup droit;SET;;FLORE Tristan;Latéral droit;;D2;
BOLL Timo (168);0:09:34.657;0:00:00.567;;Revers;SET;;BOLL Timo;;Controle / Résistance;G3;
FLORE Tristan (171);0:09:35.224;0:00:00.283;;Revers;SET;;FLORE Tristan;;Attaque / Offensif;G3;
BOLL Timo (169);0:09:35.508;0:00:00.450;;Coup droit;SET;;BOLL Timo;;Controle / Résistance;G3;
FLORE Tristan (172);0:09:35.958;0:00:00.383;;Revers;SET;;FLORE Tristan;;Attaque / Offensif;M3;
BOLL Timo (170);0:09:36.342;0:00:00.433;;Revers;SET;;BOLL Timo;;Controle / Résistance;G3;
FLORE Tristan (173);0:09:36.776;0:00:00.367;;Coup droit;SET;;Serveur Point -;;Attaque / Offensif;;
FLORE Tristan (174);0:09:39.178;0:00:02.002;;Coup droit;SET;;FLORE Tristan;Latéral droit;;M1;
BOLL Timo (171);0:09:41.781;0:00:00.467;;Coup droit;SET;;BOLL Timo;;Poussette;M2;
FLORE Tristan (175);0:09:42.248;0:00:00.517;;Coup droit;SET;;Serveur Point +;;Attaque / Offensif;D3;
BOLL Timo (172);0:09:46.269;0:00:00.650;;Coup droit;SET;;BOLL Timo;Latéral droit;;D1;
FLORE Tristan (176);0:09:47.470;0:00:00.633;;Coup droit;SET;;FLORE Tristan;;Poussette;M1;
BOLL Timo (173);0:09:48.104;0:00:00.834;;Revers;SET;;BOLL Timo;;Poussette;M3;
FLORE Tristan (177);0:09:48.938;0:00:00.383;;Coup droit;SET;;FLORE Tristan;;Attaque / Offensif;G3;
BOLL Timo (174);0:09:49.322;0:00:00.550;;Coup droit;SET;;BOLL Timo;;Attaque / Offensif;G3;
FLORE Tristan (178);0:09:49.872;0:00:00.500;;Coup droit;SET;;Serveur Point +;;Attaque / Offensif;;
BOLL Timo (175);0:09:53.526;0:00:00.700;;Coup droit;SET;;BOLL Timo;Latéral droit;;G1;
FLORE Tristan (179);0:09:54.760;0:00:00.734;;Revers;SET;;FLORE Tristan;;Poussette;M1;
BOLL Timo (176);0:09:55.494;0:00:00.467;;Coup droit;SET;;BOLL Timo;;Poussette;M1;
FLORE Tristan (180);0:09:55.962;0:00:00.684;;Coup droit;SET;;FLORE Tristan;;Poussette;M1;
BOLL Timo (177);0:09:56.646;0:00:00.550;;Revers;SET;;BOLL Timo;;Poussette;G3;
FLORE Tristan (181);0:09:57.196;0:00:00.400;;Coup droit;SET;;FLORE Tristan;;Attaque / Offensif;G3;
BOLL Timo (178);0:09:57.597;0:00:00.734;;Coup droit;SET;;Serveur Point -;;Controle / Résistance;;
FLORE Tristan (182);0:10:00.099;0:00:00.784;;Coup droit;SET;;FLORE Tristan;Latéral droit;;M2;
BOLL Timo (179);0:10:01.467;0:00:00.850;;Revers;SET;;Serveur Point -;;Poussette;M1;
FLORE Tristan (183);0:10:05.688;0:00:01.918;;Coup droit;SET;;FLORE Tristan;Latéral droit;;M2;
BOLL Timo (180);0:10:08.024;0:00:00.517;;Coup droit;SET;;BOLL Timo;;Poussette;D2;
FLORE Tristan (184);0:10:08.541;0:00:00.600;;Coup droit;SET;;Serveur Point -;;Controle / Résistance;;
BOLL Timo (181);0:10:12.545;0:00:00.550;;Coup droit;SET;;BOLL Timo;Latéral droit;;M1;
FLORE Tristan (185);0:10:13.763;0:00:00.550;;Coup droit;SET;;FLORE Tristan;;Attaque / Offensif;D3;
BOLL Timo (182);0:10:14.313;0:00:00.533;;Revers;SET;;Serveur Point -;;Attaque / Offensif;;
BOLL Timo (183);0:10:18.234;0:00:00.000;;Coup droit;SET;;BOLL Timo;;;G1;Droit
FLORE Tristan (186);0:10:19.502;0:00:00.550;;Revers;SET;;FLORE Tristan;;Poussette;D3;
BOLL Timo (184);0:10:20.052;0:00:00.650;;Coup droit;SET;;BOLL Timo;;Controle / Résistance;D3;
FLORE Tristan (187);0:10:20.703;0:00:00.400;;Coup droit;SET;;FLORE Tristan;;Attaque / Offensif;D3;
BOLL Timo (185);0:10:21.103;0:00:00.583;;Revers;SET;;BOLL Timo;;Controle / Résistance;M3;
FLORE Tristan (188);0:10:21.687;0:00:00.600;;Coup droit;SET;;Serveur Point +;;Attaque / Offensif;;
FLORE Tristan (189);0:10:24.340;0:00:01.051;;Coup droit;SET;;FLORE Tristan;Latéral gauche;;G2;
BOLL Timo (186);0:10:25.641;0:00:00.984;;Coup droit;SET;;BOLL Timo;;Controle / Résistance;M3;
FLORE Tristan (190);0:10:26.626;0:00:00.684;;Coup droit;SET;;Serveur Point -;;Attaque / Offensif;;
FLORE Tristan (191);0:10:29.145;0:00:01.051;;Coup droit;SET;;FLORE Tristan;Latéral gauche;;;
FLORE Tristan (192);0:10:39.705;0:00:01.084;;Coup droit;SET;;FLORE Tristan;Latéral gauche;;G2;
BOLL Timo (187);0:10:41.357;0:00:00.450;;Coup droit;SET;;BOLL Timo;;Attaque / Offensif;G3;
FLORE Tristan (193);0:10:41.807;0:00:00.450;;Revers;SET;;FLORE Tristan;;Attaque / Offensif;D3;
BOLL Timo (188);0:10:42.258;0:00:00.316;;Revers;SET;;BOLL Timo;;Attaque / Offensif;G3;
FLORE Tristan (194);0:10:42.575;0:00:00.467;;Coup droit;SET;;FLORE Tristan;;Attaque / Offensif;D3;
BOLL Timo (189);0:10:43.042;0:00:00.300;;Revers;SET;;Serveur Point +;;Attaque / Offensif;;
BOLL Timo (190);0:10:46.746;0:00:00.617;;Coup droit;SET;;BOLL Timo;Latéral droit;;M1;
FLORE Tristan (195);0:10:48.014;0:00:00.617;;Coup droit;SET;;FLORE Tristan;;Poussette;D2;
BOLL Timo (191);0:10:48.631;0:00:00.316;;;SET;;Serveur Point -;;;;
BOLL Timo (192);0:10:52.201;0:00:00.867;;Coup droit;SET;;BOLL Timo;Latéral gauche;;M1;
FLORE Tristan (196);0:10:53.753;0:00:00.467;;Coup droit;SET;;FLORE Tristan;;Poussette;M1;
BOLL Timo (193);0:10:54.220;0:00:01.001;;Revers;SET;;Serveur Point -;;Controle / Résistance;;
FLORE Tristan (197);0:10:57.390;0:00:02.535;;Coup droit;SET;;FLORE Tristan;Latéral gauche;;D1;
BOLL Timo (194);0:11:00.376;0:00:07.073;;;SET;;BOLL Timo;;;;
FLORE Tristan (198);0:11:07.450;0:00:02.152;;Coup droit;SET;;FLORE Tristan;Latéral droit;;D3;
BOLL Timo (195);0:11:09.919;0:00:00.000;;Revers;SET;;Serveur Point +;;Controle / Résistance;;
FLORE Tristan (199);0:11:16.525;0:00:02.068;;Coup droit;SET;;FLORE Tristan;Latéral droit;;M1;
BOLL Timo (196);0:11:19.045;0:00:00.700;;Coup droit;SET;;Serveur Point +;;Poussette;;
BOLL Timo (197);0:11:28.571;0:00:00.550;;Coup droit;SET;;BOLL Timo;Latéral gauche;;G1;
FLORE Tristan (200);0:11:29.805;0:00:00.767;;Revers;SET;;FLORE Tristan;;Poussette;M1;
BOLL Timo (198);0:11:30.573;0:00:00.400;;Coup droit;SET;;BOLL Timo;;Poussette;G21;
FLORE Tristan (201);0:11:30.973;0:00:00.550;;Revers;SET;;FLORE Tristan;;Attaque / Offensif;D3;
BOLL Timo (199);0:11:31.524;0:00:00.967;;Revers;SET;;Serveur Point -;;Controle / Résistance;;
BOLL Timo (200);0:11:35.928;0:00:00.700;;Coup droit;SET;;BOLL Timo;Latéral gauche;;G3;
FLORE Tristan (202);0:11:37.046;0:00:00.900;;Revers;SET;;FLORE Tristan;;Controle / Résistance;M3;
BOLL Timo (201);0:11:37.947;0:00:00.533;;Coup droit;SET;;BOLL Timo;;Attaque / Offensif;G3;
FLORE Tristan (203);0:11:38.481;0:00:01.001;;Revers;SET;;FLORE Tristan;;Controle / Résistance;G3;
BOLL Timo (202);0:11:39.482;0:00:00.734;;Coup droit;SET;;BOLL Timo;;Controle / Résistance;D3;
FLORE Tristan (204);0:11:40.216;0:00:01.067;;;SET;;Serveur Point +;;;;
FLORE Tristan (205);0:11:43.302;0:00:02.035;;Coup droit;SET;;FLORE Tristan;Latéral droit;;M1;
BOLL Timo (203);0:11:45.671;0:00:00.000;;Coup droit;SET;;BOLL Timo;;Poussette;D3;
FLORE Tristan (206);0:11:46.522;0:00:01.434;;Coup droit;SET;;FLORE Tristan;;Controle / Résistance;D3;
BOLL Timo (204);0:11:47.957;0:00:01.234;;Coup droit;SET;;BOLL Timo;;Controle / Résistance;D2;
FLORE Tristan (207);0:11:49.191;0:00:00.750;;Coup droit;SET;;FLORE Tristan;;Controle / Résistance;D3;
BOLL Timo (205);0:11:49.942;0:00:01.151;;Revers;SET;;BOLL Timo;;Controle / Résistance;M3;
FLORE Tristan (208);0:11:51.093;0:00:01.234;;Revers;SET;;FLORE Tristan;;Controle / Résistance;M2;
BOLL Timo (206);0:11:52.328;0:00:00.316;;;SET;;BOLL Timo;;;G3;
FLORE Tristan (209);0:11:52.645;0:00:00.734;;Revers;SET;;FLORE Tristan;;Controle / Résistance;M3;
BOLL Timo (207);0:11:53.379;0:00:01.184;;Coup droit;SET;;Serveur Point +;;Controle / Résistance;;
FLORE Tristan (210);0:11:57.917;0:00:02.018;;Coup droit;SET;;FLORE Tristan;Latéral droit;;M1;
FLORE Tristan (211);0:12:12.865;0:00:02.018;;Coup droit;SET;;FLORE Tristan;Latéral droit;;D1;
BOLL Timo (208);0:12:15.501;0:00:00.917;;Coup droit;SET;;BOLL Timo;;Poussette;D3;
FLORE Tristan (212);0:12:16.419;0:00:00.050;;Coup droit;SET;;FLORE Tristan;;Attaque / Offensif;M3;
BOLL Timo (209);0:12:16.469;0:00:00.500;;Coup droit;SET;;BOLL Timo;;Controle / Résistance;M3;
FLORE Tristan (213);0:12:16.969;0:00:00.684;;Coup droit;SET;;FLORE Tristan;;Attaque / Offensif;D3;
BOLL Timo (210);0:12:17.653;0:00:00.633;;Revers;SET;;BOLL Timo;;Controle / Résistance;M3;
FLORE Tristan (214);0:12:18.287;0:00:00.533;;Coup droit;SET;;FLORE Tristan;;Attaque / Offensif;G3;
BOLL Timo (211);0:12:18.821;0:00:01.067;;Coup droit;SET;;BOLL Timo;;Controle / Résistance;D3;
FLORE Tristan (215);0:12:19.889;0:00:00.850;;Coup droit;SET;;Serveur Point -;;Attaque / Offensif;;
BOLL Timo (212);0:12:25.144;0:00:00.533;;Coup droit;SET;;BOLL Timo;Latéral droit;;D1;
FLORE Tristan (216);0:12:26.445;0:00:00.650;;Revers;SET;;FLORE Tristan;;Poussette;M1;
BOLL Timo (213);0:12:27.096;0:00:00.617;;Coup droit;SET;;BOLL Timo;;Poussette;M3;
FLORE Tristan (217);0:12:27.713;0:00:00.617;;Coup droit;SET;;FLORE Tristan;;Attaque / Offensif;D3;
BOLL Timo (214);0:12:28.330;0:00:00.567;;Revers;SET;;BOLL Timo;;Controle / Résistance;M3;
FLORE Tristan (218);0:12:28.898;0:00:00.417;;Coup droit;SET;;FLORE Tristan;;Attaque / Offensif;M3;
BOLL Timo (215);0:12:29.315;0:00:00.800;;Revers;SET;;BOLL Timo;;Controle / Résistance;G3;
FLORE Tristan (219);0:12:30.116;0:00:00.417;;Coup droit;SET;;FLORE Tristan;;Attaque / Offensif;D3;
BOLL Timo (216);0:12:30.533;0:00:01.084;;Revers;SET;;Serveur Point -;;Controle / Résistance;;
FLORE Tristan (220);0:12:34.036;0:00:02.068;;Coup droit;SET;;FLORE Tristan;Latéral droit;;M1;
BOLL Timo (217);0:12:36.572;0:00:01.701;;Coup droit;SET;;Serveur Point +;;Poussette;;
SET (5);0:12:39.225;0:00:00.000;;;Set décisif;;;;;;
FLORE Tristan (221);0:12:41.110;0:00:02.135;;Coup droit;SET;;FLORE Tristan;Latéral droit;;M2;
BOLL Timo (218);0:12:44.013;0:00:00.400;;Coup droit;SET;;BOLL Timo;;Attaque / Offensif;M3;
FLORE Tristan (222);0:12:44.413;0:00:00.800;;Revers;SET;;FLORE Tristan;;Controle / Résistance;M3;
BOLL Timo (219);0:12:45.214;0:00:00.567;;Coup droit;SET;;BOLL Timo;;Attaque / Offensif;G3;
FLORE Tristan (223);0:12:45.781;0:00:02.185;;Revers;SET;;Serveur Point -;;Controle / Résistance;;
FLORE Tristan (224);0:12:49.769;0:00:02.185;;Coup droit;SET;;FLORE Tristan;Latéral droit;;M1;
BOLL Timo (220);0:12:52.655;0:00:00.533;;Coup droit;SET;;BOLL Timo;;Poussette;G3;
FLORE Tristan (225);0:12:53.189;0:00:00.550;;Coup droit;SET;;Serveur Point +;;Attaque / Offensif;D3;
BOLL Timo (221);0:12:56.075;0:00:00.900;;Coup droit;SET;;BOLL Timo;Latéral gauche;;G1;
FLORE Tristan (226);0:12:57.543;0:00:00.550;;Revers;SET;;FLORE Tristan;;Poussette;M1;
BOLL Timo (222);0:12:58.093;0:00:00.583;;Coup droit;SET;;BOLL Timo;;Poussette;M3;
FLORE Tristan (227);0:12:58.677;0:00:00.433;;Revers;SET;;FLORE Tristan;;Attaque / Offensif;D3;
BOLL Timo (223);0:12:59.111;0:00:01.651;;Revers;SET;;Serveur Point -;;Attaque / Offensif;;
BOLL Timo (224);0:13:01.914;0:00:00.717;;Coup droit;SET;;BOLL Timo;Latéral droit;;D3;
FLORE Tristan (228);0:13:03.265;0:00:00.417;;Coup droit;SET;;FLORE Tristan;;Attaque / Offensif;M3;
BOLL Timo (225);0:13:03.682;0:00:00.750;;Revers;SET;;BOLL Timo;;Controle / Résistance;G3;
FLORE Tristan (229);0:13:04.433;0:00:00.750;;Coup droit;SET;;FLORE Tristan;;Controle / Résistance;;
BOLL Timo (226);0:13:05.184;0:00:00.517;;Coup droit;SET;;Serveur Point -;;Attaque / Offensif;;
FLORE Tristan (230);0:13:07.620;0:00:02.235;;Coup droit;SET;;FLORE Tristan;Latéral droit;;G1;
BOLL Timo (227);0:13:10.539;0:00:00.967;;Coup droit;SET;;BOLL Timo;;Controle / Résistance;G3;
FLORE Tristan (231);0:13:11.507;0:00:00.467;;Coup droit;SET;;Serveur Point -;;Attaque / Offensif;;
FLORE Tristan (232);0:13:14.577;0:00:02.252;;Coup droit;SET;;FLORE Tristan;Latéral droit;;M1;
BOLL Timo (228);0:13:17.429;0:00:00.433;;Coup droit;SET;;BOLL Timo;;Poussette;D3;
FLORE Tristan (233);0:13:17.863;0:00:00.567;;Coup droit;SET;;FLORE Tristan;;Attaque / Offensif;M3;
BOLL Timo (229);0:13:18.430;0:00:00.550;;Revers;SET;;BOLL Timo;;Controle / Résistance;D3;
FLORE Tristan (234);0:13:18.981;0:00:00.450;;Coup droit;SET;;FLORE Tristan;;Attaque / Offensif;D3;
BOLL Timo (230);0:13:19.431;0:00:00.550;;Revers;SET;;BOLL Timo;;Controle / Résistance;M3;
FLORE Tristan (235);0:13:19.982;0:00:00.600;;Coup droit;SET;;FLORE Tristan;;Attaque / Offensif;M3;
BOLL Timo (231);0:13:20.583;0:00:00.600;;Revers;SET;;Serveur Point +;;Controle / Résistance;;
BOLL Timo (232);0:13:24.487;0:00:00.567;;Coup droit;SET;;BOLL Timo;Latéral droit;;D1;
FLORE Tristan (236);0:13:25.638;0:00:00.467;;Coup droit;SET;;FLORE Tristan;;Poussette;M1;
BOLL Timo (233);0:13:26.105;0:00:00.050;;Revers;SET;;Serveur Point -;;Attaque / Offensif;;
BOLL Timo (234);0:13:29.892;0:00:00.750;;Coup droit;SET;;BOLL Timo;Latéral gauche;;M1;
FLORE Tristan (237);0:13:31.093;0:00:00.483;;Revers;SET;;FLORE Tristan;;Poussette;M1;
BOLL Timo (235);0:13:31.577;0:00:00.583;;Coup droit;SET;;BOLL Timo;;Poussette;G3;
FLORE Tristan (238);0:13:32.161;0:00:00.467;;Revers;SET;;FLORE Tristan;;Attaque / Offensif;M3;
BOLL Timo (236);0:13:32.628;0:00:00.667;;Revers;SET;;Serveur Point -;;Controle / Résistance;;
FLORE Tristan (239);0:13:35.764;0:00:02.018;;Coup droit;SET;;FLORE Tristan;Latéral droit;;M1;
BOLL Timo (237);0:13:38.400;0:00:00.984;;Revers;SET;;Serveur Point +;;Attaque / Offensif;;
FLORE Tristan (240);0:13:41.520;0:00:02.202;;Coup droit;SET;;FLORE Tristan;Latéral droit;;M1;
BOLL Timo (238);0:13:44.406;0:00:00.450;;Coup droit;SET;;BOLL Timo;;Poussette;D1;
FLORE Tristan (241);0:13:44.857;0:00:00.650;;Coup droit;SET;;FLORE Tristan;;Poussette;M1;
BOLL Timo (239);0:13:45.508;0:00:00.684;;Revers;SET;;BOLL Timo;;Controle / Résistance;G3;
FLORE Tristan (242);0:13:46.192;0:00:01.017;;Revers;SET;;FLORE Tristan;;Controle / Résistance;M2;
BOLL Timo (240);0:13:47.209;0:00:00.417;;Coup droit;SET;;BOLL Timo;;Attaque / Offensif;D3;
FLORE Tristan (243);0:13:47.626;0:00:00.700;;Coup droit;SET;;FLORE Tristan;;Controle / Résistance;M3;
BOLL Timo (241);0:13:48.327;0:00:00.400;;Coup droit;SET;;BOLL Timo;;Attaque / Offensif;G3;
FLORE Tristan (244);0:13:48.727;0:00:00.000;;Revers;SET;;Serveur Point +;;Controle / Résistance;G3;
BOLL Timo (242);0:13:52.097;0:00:00.834;;Coup droit;SET;;BOLL Timo;Latéral gauche;;G3;
FLORE Tristan (245);0:13:53.315;0:00:00.700;;Revers;SET;;FLORE Tristan;;Poussette;M2;
BOLL Timo (243);0:13:54.016;0:00:00.350;;Coup droit;SET;;BOLL Timo;;Attaque / Offensif;G3;
FLORE Tristan (246);0:13:54.366;0:00:00.500;;Revers;SET;;FLORE Tristan;;Attaque / Offensif;D3;
BOLL Timo (244);0:13:54.867;0:00:02.018;;Revers;SET;;Serveur Point +;;Attaque / Offensif;D3;
BOLL Timo (245);0:13:58.053;0:00:00.984;;Coup droit;SET;;BOLL Timo;Latéral droit;;D3;
FLORE Tristan (247);0:13:59.405;0:00:00.350;;Coup droit;SET;;FLORE Tristan;;Attaque / Offensif;M3;
BOLL Timo (246);0:13:59.755;0:00:00.133;;Coup droit;SET;;Serveur Point -;;Attaque / Offensif;;
FLORE Tristan (248);0:14:02.608;0:00:02.452;;;SET;;FLORE Tristan;Latéral droit;;M1;
BOLL Timo (247);0:14:05.644;0:00:00.550;;Coup droit;SET;;BOLL Timo;;Poussette;D3;
FLORE Tristan (249);0:14:06.195;0:00:01.134;;Coup droit;SET;;Serveur Point -;;Attaque / Offensif;;
FLORE Tristan (250);0:14:09.448;0:00:03.053;;Coup droit;SET;;FLORE Tristan;Latéral droit;;G1;
BOLL Timo (248);0:14:12.501;0:00:00.467;;Revers;SET;;BOLL Timo;;Attaque / Offensif;G3;
FLORE Tristan (251);0:14:12.968;0:00:00.300;;Revers;SET;;FLORE Tristan;;Attaque / Offensif;D3;
BOLL Timo (249);0:14:13.269;0:00:00.533;;Revers;SET;;Serveur Point +;;Attaque / Offensif;;
BOLL Timo (250);0:14:17.089;0:00:01.084;;Coup droit;SET;;BOLL Timo;Latéral droit;;D1;
FLORE Tristan (252);0:14:18.674;0:00:00.600;;Coup droit;SET;;FLORE Tristan;;Poussette;M2;
BOLL Timo (251);0:14:19.275;0:00:00.500;;Revers;SET;;BOLL Timo;;Attaque / Offensif;D3;
FLORE Tristan (253);0:14:19.775;0:00:00.417;;Coup droit;SET;;Serveur Point +;;Attaque / Offensif;;
BOLL Timo (252);0:14:23.379;0:00:00.734;;Coup droit;SET;;BOLL Timo;Latéral droit;;D2;
BOLL Timo (253);0:14:31.837;0:00:00.500;;Coup droit;SET;;BOLL Timo;Latéral droit;;G21;
FLORE Tristan (254);0:14:33.155;0:00:00.583;;Revers;SET;;FLORE Tristan;;Attaque / Offensif;M3;
BOLL Timo (254);0:14:33.739;0:00:00.517;;Coup droit;SET;;BOLL Timo;;Attaque / Offensif;M3;
FLORE Tristan (255);0:14:34.256;0:00:00.700;;Coup droit;SET;;Serveur Point +;;Attaque / Offensif;;
FLORE Tristan (256);0:14:37.209;0:00:02.352;;Coup droit;SET;;FLORE Tristan;Latéral droit;;;
FLORE Tristan (257);0:14:47.636;0:00:02.369;;Coup droit;SET;;FLORE Tristan;Latéral droit;;M2;
BOLL Timo (255);0:14:50.606;0:00:00.333;;Coup droit;SET;;BOLL Timo;;Attaque / Offensif;G3;
FLORE Tristan (258);0:14:50.940;0:00:00.300;;Revers;SET;;Serveur Point -;;Controle / Résistance;;
FLORE Tristan (259);0:14:54.793;0:00:02.168;;Coup droit;SET;;FLORE Tristan;Latéral droit;;M1;
BOLL Timo (256);0:14:57.546;0:00:00.633;;Coup droit;SET;;BOLL Timo;;Poussette;D3;
FLORE Tristan (260);0:14:58.180;0:00:00.533;;Coup droit;SET;;FLORE Tristan;;Controle / Résistance;M3;
BOLL Timo (257);0:14:58.714;0:00:01.217;;Revers;SET;;Serveur Point +;;Controle / Résistance;;